{"cameraMode":{"drawMode":0,"name":"Shaded","section":"Shading Mode"},"sceneLighting":true,"audioPlay":false,"sceneViewState":{"m_AlwaysRefresh":false,"showFog":true,"showSkybox":true,"showFlares":true,"showImageEffects":true,"showParticleSystems":true,"showVisualEffectGraphs":true,"m_FxEnabled":true},"in2DMode":false,"pivot":{"x":-9.757919311523438,"y":3.3189938068389894,"z":-8.871894836425782},"rotation":{"x":-0.013192812912166119,"y":0.21196193993091584,"z":0.002861815970391035,"w":0.9771862030029297},"size":2.49326229095459,"orthographic":true}