{"cameraMode":{"drawMode":0,"name":"Shaded","section":"Shading Mode"},"sceneLighting":true,"audioPlay":false,"sceneViewState":{"m_AlwaysRefresh":false,"showFog":true,"showSkybox":true,"showFlares":true,"showImageEffects":true,"showParticleSystems":true,"showVisualEffectGraphs":true,"m_FxEnabled":true},"in2DMode":false,"pivot":{"x":-3.7727155685424806,"y":3.966238498687744,"z":89.86445617675781},"rotation":{"x":-0.046300068497657779,"y":0.8258640766143799,"z":-0.06854283809661865,"w":-0.5577778220176697},"size":18.306087493896486,"orthographic":false}