{"cameraMode":{"drawMode":0,"name":"Shaded","section":"Shading Mode"},"sceneLighting":true,"audioPlay":false,"sceneViewState":{"m_AlwaysRefresh":false,"showFog":true,"showSkybox":true,"showFlares":true,"showImageEffects":true,"showParticleSystems":true,"showVisualEffectGraphs":true,"m_FxEnabled":true},"in2DMode":false,"pivot":{"x":-9.667177200317383,"y":2.971392869949341,"z":40.78089904785156},"rotation":{"x":-0.002748713130131364,"y":-0.10352061688899994,"z":-0.00010842310439329594,"w":0.9946253299713135},"size":12.16016960144043,"orthographic":false}