{"cameraMode":{"drawMode":0,"name":"Shaded","section":"Shading Mode"},"sceneLighting":true,"audioPlay":false,"sceneViewState":{"m_AlwaysRefresh":false,"showFog":true,"showSkybox":true,"showFlares":true,"showImageEffects":true,"showParticleSystems":true,"showVisualEffectGraphs":true,"m_FxEnabled":true},"in2DMode":false,"pivot":{"x":-9.228553771972657,"y":3.8428690433502199,"z":10.097805976867676},"rotation":{"x":0.13428939878940583,"y":-0.17419329285621644,"z":0.023914353922009469,"w":0.9753520488739014},"size":2.5143673419952394,"orthographic":true}