{"cameraMode":{"drawMode":0,"name":"Shaded","section":"Shading Mode"},"sceneLighting":true,"audioPlay":false,"sceneViewState":{"m_AlwaysRefresh":false,"showFog":true,"showSkybox":true,"showFlares":true,"showImageEffects":true,"showParticleSystems":true,"showVisualEffectGraphs":true,"m_FxEnabled":true},"in2DMode":false,"pivot":{"x":911.9998168945313,"y":292.7156677246094,"z":-503.5303649902344},"rotation":{"x":0.014577386900782586,"y":0.12327051907777786,"z":0.001811724971048534,"w":-0.9922731518745422},"size":142.12400817871095,"orthographic":false}