{"cameraMode":{"drawMode":0,"name":"Shaded","section":"Shading Mode"},"sceneLighting":false,"audioPlay":false,"sceneViewState":{"m_AlwaysRefresh":false,"showFog":true,"showSkybox":true,"showFlares":true,"showImageEffects":true,"showParticleSystems":true,"showVisualEffectGraphs":true,"m_FxEnabled":true},"in2DMode":false,"pivot":{"x":3.6488137245178224,"y":13.553074836730957,"z":300.8170166015625},"rotation":{"x":0.07633357495069504,"y":-0.7437425255775452,"z":0.08747828006744385,"w":0.6584651470184326},"size":23.59410285949707,"orthographic":false}