{"cameraMode":{"drawMode":0,"name":"Shaded","section":"Shading Mode"},"sceneLighting":true,"audioPlay":false,"sceneViewState":{"m_AlwaysRefresh":false,"showFog":true,"showSkybox":true,"showFlares":true,"showImageEffects":true,"showParticleSystems":true,"showVisualEffectGraphs":true,"m_FxEnabled":true},"in2DMode":false,"pivot":{"x":-17.577526092529298,"y":-1.1706476211547852,"z":-13.569429397583008},"rotation":{"x":-0.10612156987190247,"y":0.24811021983623506,"z":-0.027349814772605897,"w":-0.9625150561332703},"size":4.879055023193359,"orthographic":false}