{"cameraMode":{"drawMode":0,"name":"Shaded","section":"Shading Mode"},"sceneLighting":false,"audioPlay":false,"sceneViewState":{"m_AlwaysRefresh":false,"showFog":true,"showSkybox":true,"showFlares":true,"showImageEffects":true,"showParticleSystems":true,"showVisualEffectGraphs":true,"m_FxEnabled":true},"in2DMode":false,"pivot":{"x":441.21099853515627,"y":309.64459228515627,"z":-1029.6695556640625},"rotation":{"x":0.011975140310823918,"y":-0.06745366007089615,"z":-0.0007493332377634943,"w":-0.9977105259895325},"size":2.49326229095459,"orthographic":false}