{"cameraMode":{"drawMode":0,"name":"Shaded","section":"Shading Mode"},"sceneLighting":false,"audioPlay":false,"sceneViewState":{"m_AlwaysRefresh":false,"showFog":true,"showSkybox":true,"showFlares":true,"showImageEffects":true,"showParticleSystems":true,"showVisualEffectGraphs":true,"m_FxEnabled":true},"in2DMode":false,"pivot":{"x":-187.5894317626953,"y":58.840599060058597,"z":316.2852478027344},"rotation":{"x":0.04158787056803703,"y":0.3798215091228485,"z":0.017150795087218286,"w":-0.9240326881408691},"size":342.32452392578127,"orthographic":false}