{"cameraMode":{"drawMode":0,"name":"Shaded","section":"Shading Mode"},"sceneLighting":true,"audioPlay":false,"sceneViewState":{"m_AlwaysRefresh":false,"showFog":true,"showSkybox":true,"showFlares":true,"showImageEffects":true,"showParticleSystems":true,"showVisualEffectGraphs":true,"m_FxEnabled":true},"in2DMode":false,"pivot":{"x":-14.513958930969239,"y":-1.1560120582580567,"z":40.59362030029297},"rotation":{"x":-0.06237292289733887,"y":0.15910497307777406,"z":-0.010289035737514496,"w":-0.9852606654167175},"size":18.338773727416993,"orthographic":false}