{"cameraMode":{"drawMode":0,"name":"Shaded","section":"Shading Mode"},"sceneLighting":false,"audioPlay":false,"sceneViewState":{"m_AlwaysRefresh":false,"showFog":true,"showSkybox":true,"showFlares":true,"showImageEffects":true,"showParticleSystems":true,"showVisualEffectGraphs":true,"m_FxEnabled":true},"in2DMode":false,"pivot":{"x":-7.375955581665039,"y":22.64792823791504,"z":344.90142822265627},"rotation":{"x":0.0006476988201029599,"y":0.97078937292099,"z":-0.2400359809398651,"w":0.0023357251193374397},"size":2.5149431228637697,"orthographic":false}