{"cameraMode":{"drawMode":0,"name":"Shaded","section":"Shading Mode"},"sceneLighting":false,"audioPlay":false,"sceneViewState":{"m_AlwaysRefresh":false,"showFog":true,"showSkybox":true,"showFlares":true,"showImageEffects":true,"showParticleSystems":true,"showVisualEffectGraphs":true,"m_FxEnabled":true},"in2DMode":false,"pivot":{"x":-29.42973518371582,"y":7.957976818084717,"z":369.11627197265627},"rotation":{"x":-0.006529130972921848,"y":0.9648465514183044,"z":-0.02708389237523079,"w":-0.2618296146392822},"size":11.356850624084473,"orthographic":false}