{"cameraMode":{"drawMode":0,"name":"Shaded","section":"Shading Mode"},"sceneLighting":true,"audioPlay":false,"sceneViewState":{"m_AlwaysRefresh":false,"showFog":true,"showSkybox":true,"showFlares":true,"showImageEffects":true,"showParticleSystems":true,"showVisualEffectGraphs":true,"m_FxEnabled":true},"in2DMode":false,"pivot":{"x":1.7316184043884278,"y":4.698947906494141,"z":-29.302261352539064},"rotation":{"x":0.013535810634493828,"y":-0.9866571426391602,"z":0.13394616544246674,"w":0.09466632455587387},"size":12.178322792053223,"orthographic":false}