{"cameraMode":{"drawMode":0,"name":"Shaded","section":"Shading Mode"},"sceneLighting":true,"audioPlay":false,"sceneViewState":{"m_AlwaysRefresh":false,"showFog":true,"showSkybox":true,"showFlares":true,"showImageEffects":true,"showParticleSystems":true,"showVisualEffectGraphs":true,"m_FxEnabled":true},"in2DMode":false,"pivot":{"x":-0.38404083251953127,"y":21.457202911376954,"z":89.8122329711914},"rotation":{"x":-0.06718824058771134,"y":0.9058436155319214,"z":-0.1569872498512268,"w":-0.38767945766448977},"size":24.642757415771486,"orthographic":false}