{"cameraMode":{"drawMode":0,"name":"Shaded","section":"Shading Mode"},"sceneLighting":true,"audioPlay":false,"sceneViewState":{"m_AlwaysRefresh":false,"showFog":true,"showSkybox":true,"showFlares":true,"showImageEffects":true,"showParticleSystems":true,"showVisualEffectGraphs":true,"m_FxEnabled":true},"in2DMode":false,"pivot":{"x":-37.453575134277347,"y":5.5856428146362309,"z":-20.880786895751954},"rotation":{"x":0.01158872153609991,"y":0.8754081130027771,"z":0.021013643592596055,"w":-0.4827935993671417},"size":26.269535064697267,"orthographic":false}