{"cameraMode":{"drawMode":0,"name":"Shaded","section":"Shading Mode"},"sceneLighting":true,"audioPlay":false,"sceneViewState":{"m_AlwaysRefresh":false,"showFog":true,"showSkybox":true,"showFlares":true,"showImageEffects":true,"showParticleSystems":true,"showVisualEffectGraphs":true,"m_FxEnabled":true},"in2DMode":false,"pivot":{"x":-3.1392104625701906,"y":3.64081072807312,"z":8.659655570983887},"rotation":{"x":0.0911739394068718,"y":0.7999765872955322,"z":-0.12580817937850953,"w":0.5796142220497131},"size":0.0005159043939784169,"orthographic":false}