{"cameraMode":{"drawMode":0,"name":"Shaded","section":"Shading Mode"},"sceneLighting":true,"audioPlay":false,"sceneViewState":{"m_AlwaysRefresh":false,"showFog":true,"showSkybox":true,"showFlares":true,"showImageEffects":true,"showParticleSystems":true,"showVisualEffectGraphs":true,"m_FxEnabled":true},"in2DMode":false,"pivot":{"x":0.669384241104126,"y":4.7972283363342289,"z":1.889158844947815},"rotation":{"x":-0.10518833994865418,"y":-0.14331451058387757,"z":0.015319613739848137,"w":-0.9839363694190979},"size":1.1991024017333985,"orthographic":false}