{"cameraMode":{"drawMode":0,"name":"Shaded","section":"Shading Mode"},"sceneLighting":true,"audioPlay":false,"sceneViewState":{"m_AlwaysRefresh":false,"showFog":true,"showSkybox":true,"showFlares":true,"showImageEffects":true,"showParticleSystems":true,"showVisualEffectGraphs":true,"m_FxEnabled":true},"in2DMode":false,"pivot":{"x":-11.11392879486084,"y":15.10959529876709,"z":23.752857208251954},"rotation":{"x":0.11677773296833039,"y":0.15489333868026734,"z":0.01847343146800995,"w":-0.9808884263038635},"size":24.80620002746582,"orthographic":false}