{"cameraMode":{"drawMode":0,"name":"Shaded","section":"Shading Mode"},"sceneLighting":true,"audioPlay":false,"sceneViewState":{"m_AlwaysRefresh":false,"showFog":true,"showSkybox":true,"showFlares":true,"showImageEffects":true,"showParticleSystems":true,"showVisualEffectGraphs":true,"m_FxEnabled":true},"in2DMode":false,"pivot":{"x":-11.626665115356446,"y":-3.5095996856689455,"z":22.408010482788087},"rotation":{"x":0.0218416266143322,"y":-0.8972257375717163,"z":-0.04440627247095108,"w":-0.4390704333782196},"size":0.3669191300868988,"orthographic":false}